dataset,n_test,n_pcr,n_non_pcr,pcr_prevalence,n_bootstrap,seed,stratification,model,benchmark_group,crop,input,run_name,run_dir,selection_reason,roc_auc,roc_auc_ci_low,roc_auc_ci_high,average_precision,average_precision_ci_low,average_precision_ci_high,balanced_accuracy,balanced_accuracy_ci_low,balanced_accuracy_ci_high
DUKE,91,30,61,0.32967032967032966,5000,20260922,pcr_within_dataset,Clinical baseline,Clinical-only,,Clinical variables,clinical_logreg,Benchmarking/outputs/probes/clinical_logreg,Clinical-only reference,0.7874316939890711,0.6923360655737705,0.8721311475409836,0.6678933823794686,0.5446839939975852,0.7956627023409861,0.5918032786885246,0.5251366120218579,0.6666666666666666
DUKE,91,30,61,0.32967032967032966,5000,20260922,pcr_within_dataset,BiomedCLIP,Image-only,Whole volume,Phase 1,biomedclip_whole_phase1_logreg,Benchmarking/outputs/probes/biomedclip_whole_phase1_logreg,Exploratory per-model Image-only AUROC winner,0.494535519125683,0.36228142076502734,0.6256967213114752,0.3764604878740138,0.28948836864874644,0.5133347586384118,0.5377049180327869,0.4292349726775956,0.6453551912568305
DUKE,91,30,61,0.32967032967032966,5000,20260922,pcr_within_dataset,Curia,Image-only,Expert ROI,Phase 2 - phase 0,curia_expert_roi_phase2_minus_phase0_logreg,Benchmarking/outputs/probes/curia_expert_roi_phase2_minus_phase0_logreg,Exploratory per-model Image-only AUROC winner; Exploratory overall Image-only AUROC winner,0.6229508196721312,0.4956147540983607,0.7459016393442622,0.48721121695978353,0.37136031761038396,0.6432299518461294,0.5516393442622951,0.4601092896174863,0.6510928961748634
DUKE,91,30,61,0.32967032967032966,5000,20260922,pcr_within_dataset,Curia,Image-only,Expert ROI,Selected ROI fusion,curia_expert_roi_selected_fusion_logreg,Benchmarking/outputs/probes/curia_expert_roi_selected_fusion_logreg,Exploratory overall Image-only AP winner,0.6338797814207651,0.5147540983606558,0.7524590163934426,0.46230342132883456,0.3586566710342896,0.6220733675787832,0.5259562841530054,0.45136612021857925,0.601543715846992
DUKE,91,30,61,0.32967032967032966,5000,20260922,pcr_within_dataset,MedSigLIP,Image-only,Expert ROI,Phase 2 - phase 0,medsiglip_expert_roi_phase2_minus_phase0_logreg,Benchmarking/outputs/probes/medsiglip_expert_roi_phase2_minus_phase0_logreg,Exploratory per-model Image-only AUROC winner,0.6896174863387978,0.5743169398907104,0.8016393442622951,0.47968145553974895,0.3889207882894935,0.6542531354645877,0.5256830601092897,0.4592896174863388,0.5926229508196721
DUKE,91,30,61,0.32967032967032966,5000,20260922,pcr_within_dataset,Pillar-0 BreastMRI,Image-only,Expert ROI,Phase 0 + phase 2 + last phase,pillar0_breastmri_expert_roi_phase0_phase2_last_logreg,Benchmarking/outputs/probes/pillar0_breastmri_expert_roi_phase0_phase2_last_logreg,Exploratory per-model Image-only AUROC winner,0.6038251366120219,0.47922131147540986,0.7273360655737704,0.4256922868127854,0.3400480787504757,0.6021290961185066,0.5614754098360656,0.45382513661202184,0.6693989071038251
DUKE,91,30,61,0.32967032967032966,5000,20260922,pcr_within_dataset,RadImageNet,Image-only,Whole volume,Phase 2 - phase 0,radimagenet_whole_phase2_minus_phase0_logreg,Benchmarking/outputs/probes/radimagenet_whole_phase2_minus_phase0_logreg,Exploratory per-model Image-only AUROC winner; Exploratory overall Image-only balanced accuracy winner,0.619672131147541,0.5005464480874318,0.7371721311475408,0.4293646145213585,0.3420227556462123,0.5736074510227064,0.5849726775956284,0.485792349726776,0.6849726775956284
DUKE,91,30,61,0.32967032967032966,5000,20260922,pcr_within_dataset,RadioDINO,Image-only,Expert ROI,Phase 2 - phase 0,radiodino_expert_roi_phase2_minus_phase0_logreg,Benchmarking/outputs/probes/radiodino_expert_roi_phase2_minus_phase0_logreg,Exploratory per-model Image-only AUROC winner,0.5868852459016394,0.473224043715847,0.7016530054644807,0.36696146235097116,0.3100034688163677,0.5052529050142959,0.528415300546448,0.42103825136612016,0.6360655737704918
DUKE,91,30,61,0.32967032967032966,5000,20260922,pcr_within_dataset,BiomedCLIP,Image + clinical,Whole volume,Phase 1,biomedclip_whole_phase1_image_clinical_logreg,Benchmarking/outputs/probes/biomedclip_whole_phase1_image_clinical_logreg,Exploratory per-model Image + clinical AUROC winner; Exploratory overall Image + clinical AUROC winner; Exploratory overall Image + clinical AP winner,0.7032786885245902,0.5901639344262295,0.8065573770491803,0.5420654356011316,0.42143260017188994,0.6949119380793042,0.583879781420765,0.509016393442623,0.6672131147540984
DUKE,91,30,61,0.32967032967032966,5000,20260922,pcr_within_dataset,Curia,Image + clinical,Expert ROI,Phase 2 - phase 0,curia_expert_roi_phase2_minus_phase0_image_clinical_logreg,Benchmarking/outputs/probes/curia_expert_roi_phase2_minus_phase0_image_clinical_logreg,Exploratory per-model Image + clinical AUROC winner,0.7349726775956285,0.6218579234972678,0.8366120218579235,0.626252052905394,0.493357460670241,0.7722404388133267,0.692896174863388,0.5937158469945355,0.792622950819672
DUKE,91,30,61,0.32967032967032966,5000,20260922,pcr_within_dataset,MedSigLIP,Image + clinical,Whole volume,Phase 1,medsiglip_whole_phase1_image_clinical_logreg,Benchmarking/outputs/probes/medsiglip_whole_phase1_image_clinical_logreg,Exploratory per-model Image + clinical AUROC winner,0.7382513661202186,0.6262295081967213,0.8377049180327869,0.5849150331564363,0.45815407042965306,0.7369158268207664,0.5418032786885246,0.4918032786885246,0.6002732240437159
DUKE,91,30,61,0.32967032967032966,5000,20260922,pcr_within_dataset,Pillar-0 BreastMRI,Image + clinical,Expert ROI,Phase 0 + phase 1 + last phase,pillar0_breastmri_expert_roi_phase0_phase1_last_image_clinical_logreg,Benchmarking/outputs/probes/pillar0_breastmri_expert_roi_phase0_phase1_last_image_clinical_logreg,Exploratory per-model Image + clinical AUROC winner,0.6792349726775956,0.5546311475409836,0.7961748633879782,0.5082655095344955,0.40178540473013663,0.6971960560435179,0.660655737704918,0.5538251366120219,0.7606557377049181
DUKE,91,30,61,0.32967032967032966,5000,20260922,pcr_within_dataset,RadImageNet,Image + clinical,Whole volume,Phase 2 - phase 0,radimagenet_whole_phase2_minus_phase0_image_clinical_logreg,Benchmarking/outputs/probes/radimagenet_whole_phase2_minus_phase0_image_clinical_logreg,Exploratory per-model Image + clinical AUROC winner; Exploratory overall Image + clinical balanced accuracy winner,0.7524590163934426,0.6360655737704918,0.8584699453551913,0.6598811456852132,0.5300501833005321,0.8014065810014969,0.7183060109289617,0.6188524590163935,0.8177595628415301
DUKE,91,30,61,0.32967032967032966,5000,20260922,pcr_within_dataset,RadioDINO,Image + clinical,Expert ROI,Phase 2 - phase 0,radiodino_expert_roi_phase2_minus_phase0_image_clinical_logreg,Benchmarking/outputs/probes/radiodino_expert_roi_phase2_minus_phase0_image_clinical_logreg,Exploratory per-model Image + clinical AUROC winner,0.7540983606557377,0.6529918032786884,0.8513661202185793,0.5585191232076877,0.44934771746902624,0.751725800804493,0.6428961748633879,0.5510928961748633,0.742896174863388
ISPY1,67,14,53,0.208955223880597,5000,20260922,pcr_within_dataset,Clinical baseline,Clinical-only,,Clinical variables,clinical_logreg,Benchmarking/outputs/probes/clinical_logreg,Clinical-only reference,0.7601078167115902,0.6212938005390836,0.8787061994609164,0.4510217525745476,0.31065205617190045,0.7144297951013788,0.7028301886792453,0.5652796495956874,0.8382749326145553
ISPY1,67,14,53,0.208955223880597,5000,20260922,pcr_within_dataset,BiomedCLIP,Image-only,Whole volume,Phase 1,biomedclip_whole_phase1_logreg,Benchmarking/outputs/probes/biomedclip_whole_phase1_logreg,Exploratory per-model Image-only AUROC winner,0.6172506738544474,0.4676212938005391,0.761455525606469,0.26768658966150705,0.20998680532088468,0.44498983283394183,0.5835579514824798,0.4386792452830189,0.717031671159029
ISPY1,67,14,53,0.208955223880597,5000,20260922,pcr_within_dataset,Curia,Image-only,Expert ROI,Phase 2 - phase 0,curia_expert_roi_phase2_minus_phase0_logreg,Benchmarking/outputs/probes/curia_expert_roi_phase2_minus_phase0_logreg,Exploratory per-model Image-only AUROC winner; Exploratory overall Image-only AUROC winner,0.5768194070080862,0.41913746630727766,0.7331536388140162,0.26686740983182966,0.19962928023380141,0.48141957214132075,0.5202156334231807,0.3942048517520215,0.6536388140161724
ISPY1,67,14,53,0.208955223880597,5000,20260922,pcr_within_dataset,Curia,Image-only,Expert ROI,Selected ROI fusion,curia_expert_roi_selected_fusion_logreg,Benchmarking/outputs/probes/curia_expert_roi_selected_fusion_logreg,Exploratory overall Image-only AP winner,0.477088948787062,0.31266846361185985,0.6509433962264151,0.24050988032842463,0.17295706451723863,0.4650022136917965,0.4811320754716981,0.4528301886792453,0.5
ISPY1,67,14,53,0.208955223880597,5000,20260922,pcr_within_dataset,MedSigLIP,Image-only,Expert ROI,Phase 2 - phase 0,medsiglip_expert_roi_phase2_minus_phase0_logreg,Benchmarking/outputs/probes/medsiglip_expert_roi_phase2_minus_phase0_logreg,Exploratory per-model Image-only AUROC winner,0.5296495956873315,0.3544137466307277,0.7062331536388137,0.25655348592684246,0.1836876342863605,0.46706000392581265,0.5276280323450134,0.3921832884097035,0.6704851752021563
ISPY1,67,14,53,0.208955223880597,5000,20260922,pcr_within_dataset,Pillar-0 BreastMRI,Image-only,Expert ROI,Phase 0 + phase 2 + last phase,pillar0_breastmri_expert_roi_phase0_phase2_last_logreg,Benchmarking/outputs/probes/pillar0_breastmri_expert_roi_phase0_phase2_last_logreg,Exploratory per-model Image-only AUROC winner,0.5336927223719676,0.3625336927223719,0.7088948787061995,0.2889023138927854,0.1896089386944367,0.5277705421992858,0.5256064690026954,0.38274932614555257,0.6704851752021563
ISPY1,67,14,53,0.208955223880597,5000,20260922,pcr_within_dataset,RadImageNet,Image-only,Whole volume,Phase 2 - phase 0,radimagenet_whole_phase2_minus_phase0_logreg,Benchmarking/outputs/probes/radimagenet_whole_phase2_minus_phase0_logreg,Exploratory per-model Image-only AUROC winner; Exploratory overall Image-only balanced accuracy winner,0.6549865229110512,0.49730458221024265,0.7991913746630728,0.30603665033338545,0.22909032803532797,0.5300626981561853,0.6179245283018868,0.47304582210242585,0.7607816711590296
ISPY1,67,14,53,0.208955223880597,5000,20260922,pcr_within_dataset,RadioDINO,Image-only,Expert ROI,Phase 2 - phase 0,radiodino_expert_roi_phase2_minus_phase0_logreg,Benchmarking/outputs/probes/radiodino_expert_roi_phase2_minus_phase0_logreg,Exploratory per-model Image-only AUROC winner,0.4703504043126684,0.3018867924528302,0.6428571428571428,0.24929107599390704,0.17174665703108846,0.4739772334245609,0.4595687331536388,0.3146900269541779,0.6024258760107817
ISPY1,67,14,53,0.208955223880597,5000,20260922,pcr_within_dataset,BiomedCLIP,Image + clinical,Whole volume,Phase 1,biomedclip_whole_phase1_image_clinical_logreg,Benchmarking/outputs/probes/biomedclip_whole_phase1_image_clinical_logreg,Exploratory per-model Image + clinical AUROC winner; Exploratory overall Image + clinical AUROC winner; Exploratory overall Image + clinical AP winner,0.7830188679245284,0.6657681940700808,0.8881401617250673,0.4054550803679255,0.3023324781638349,0.6445446066838988,0.5768194070080863,0.46024258760107817,0.7102425876010782
ISPY1,67,14,53,0.208955223880597,5000,20260922,pcr_within_dataset,Curia,Image + clinical,Expert ROI,Phase 2 - phase 0,curia_expert_roi_phase2_minus_phase0_image_clinical_logreg,Benchmarking/outputs/probes/curia_expert_roi_phase2_minus_phase0_image_clinical_logreg,Exploratory per-model Image + clinical AUROC winner,0.7587601078167117,0.6159029649595688,0.8800539083557951,0.5175258400569008,0.33727571079726715,0.7353759464473749,0.612533692722372,0.47911051212938005,0.7479784366576819
ISPY1,67,14,53,0.208955223880597,5000,20260922,pcr_within_dataset,MedSigLIP,Image + clinical,Whole volume,Phase 1,medsiglip_whole_phase1_image_clinical_logreg,Benchmarking/outputs/probes/medsiglip_whole_phase1_image_clinical_logreg,Exploratory per-model Image + clinical AUROC winner,0.6913746630727763,0.532345013477089,0.8423180592991915,0.3498818426396626,0.25201444515873117,0.6002846430238762,0.6030997304582211,0.4749326145552561,0.7439353099730459
ISPY1,67,14,53,0.208955223880597,5000,20260922,pcr_within_dataset,Pillar-0 BreastMRI,Image + clinical,Expert ROI,Phase 0 + phase 1 + last phase,pillar0_breastmri_expert_roi_phase0_phase1_last_image_clinical_logreg,Benchmarking/outputs/probes/pillar0_breastmri_expert_roi_phase0_phase1_last_image_clinical_logreg,Exploratory per-model Image + clinical AUROC winner,0.605121293800539,0.42988544474393525,0.7735849056603773,0.34564285119340477,0.22223380502505077,0.612929837092224,0.5256064690026954,0.3807277628032345,0.6704851752021563
ISPY1,67,14,53,0.208955223880597,5000,20260922,pcr_within_dataset,RadImageNet,Image + clinical,Whole volume,Phase 2 - phase 0,radimagenet_whole_phase2_minus_phase0_image_clinical_logreg,Benchmarking/outputs/probes/radimagenet_whole_phase2_minus_phase0_image_clinical_logreg,Exploratory per-model Image + clinical AUROC winner; Exploratory overall Image + clinical balanced accuracy winner,0.7506738544474394,0.6212938005390836,0.8652291105121293,0.4171690383425559,0.28213834835479323,0.6328615911173853,0.6442048517520216,0.5013477088948787,0.7870619946091644
ISPY1,67,14,53,0.208955223880597,5000,20260922,pcr_within_dataset,RadioDINO,Image + clinical,Expert ROI,Phase 2 - phase 0,radiodino_expert_roi_phase2_minus_phase0_image_clinical_logreg,Benchmarking/outputs/probes/radiodino_expert_roi_phase2_minus_phase0_image_clinical_logreg,Exploratory per-model Image + clinical AUROC winner,0.6981132075471699,0.5431266846361186,0.8301886792452831,0.35463335812794017,0.25021953490373805,0.5916321508790604,0.5896226415094339,0.444743935309973,0.7324797843665768
ISPY2,131,46,85,0.3511450381679389,5000,20260922,pcr_within_dataset,Clinical baseline,Clinical-only,,Clinical variables,clinical_logreg,Benchmarking/outputs/probes/clinical_logreg,Clinical-only reference,0.687084398976982,0.5907928388746804,0.7751918158567774,0.49791617484577244,0.4134447125998874,0.6410281360197465,0.6364450127877237,0.5503740409207161,0.7243190537084395
ISPY2,131,46,85,0.3511450381679389,5000,20260922,pcr_within_dataset,BiomedCLIP,Image-only,Whole volume,Phase 1,biomedclip_whole_phase1_logreg,Benchmarking/outputs/probes/biomedclip_whole_phase1_logreg,Exploratory per-model Image-only AUROC winner,0.7130434782608697,0.6184143222506394,0.8038427109974424,0.5604675375035398,0.4609768329560873,0.7052108889713493,0.590920716112532,0.5302941176470588,0.648849104859335
ISPY2,131,46,85,0.3511450381679389,5000,20260922,pcr_within_dataset,Curia,Image-only,Expert ROI,Phase 2 - phase 0,curia_expert_roi_phase2_minus_phase0_logreg,Benchmarking/outputs/probes/curia_expert_roi_phase2_minus_phase0_logreg,Exploratory per-model Image-only AUROC winner; Exploratory overall Image-only AUROC winner,0.6506393861892583,0.549354219948849,0.7462979539641943,0.5062063498689782,0.41204757654538715,0.647945802020662,0.6129156010230179,0.5241464194373402,0.7016624040920716
ISPY2,131,46,85,0.3511450381679389,5000,20260922,pcr_within_dataset,Curia,Image-only,Expert ROI,Selected ROI fusion,curia_expert_roi_selected_fusion_logreg,Benchmarking/outputs/probes/curia_expert_roi_selected_fusion_logreg,Exploratory overall Image-only AP winner,0.6375959079283887,0.5355434782608695,0.7370843989769821,0.5510762345294186,0.44388373303749584,0.6695291618966802,0.580690537084399,0.5019181585677749,0.6585677749360613
ISPY2,131,46,85,0.3511450381679389,5000,20260922,pcr_within_dataset,MedSigLIP,Image-only,Expert ROI,Phase 2 - phase 0,medsiglip_expert_roi_phase2_minus_phase0_logreg,Benchmarking/outputs/probes/medsiglip_expert_roi_phase2_minus_phase0_logreg,Exploratory per-model Image-only AUROC winner,0.6846547314578004,0.5851598465473146,0.7795460358056264,0.5713650269881292,0.4654283039979441,0.6954939435050815,0.6282608695652174,0.5462691815856777,0.7102525575447567
ISPY2,131,46,85,0.3511450381679389,5000,20260922,pcr_within_dataset,Pillar-0 BreastMRI,Image-only,Expert ROI,Phase 0 + phase 2 + last phase,pillar0_breastmri_expert_roi_phase0_phase2_last_logreg,Benchmarking/outputs/probes/pillar0_breastmri_expert_roi_phase0_phase2_last_logreg,Exploratory per-model Image-only AUROC winner,0.6025575447570333,0.49973145780051154,0.7066496163682865,0.4798662555444412,0.386506413352074,0.610653993947632,0.5826086956521739,0.494747442455243,0.670460358056266
ISPY2,131,46,85,0.3511450381679389,5000,20260922,pcr_within_dataset,RadImageNet,Image-only,Whole volume,Phase 2 - phase 0,radimagenet_whole_phase2_minus_phase0_logreg,Benchmarking/outputs/probes/radimagenet_whole_phase2_minus_phase0_logreg,Exploratory per-model Image-only AUROC winner; Exploratory overall Image-only balanced accuracy winner,0.6296675191815857,0.5273657289002558,0.731457800511509,0.48816783090223004,0.39522078411159656,0.6205963878079452,0.5993606138107417,0.5138107416879796,0.6849104859335038
ISPY2,131,46,85,0.3511450381679389,5000,20260922,pcr_within_dataset,RadioDINO,Image-only,Expert ROI,Phase 2 - phase 0,radiodino_expert_roi_phase2_minus_phase0_logreg,Benchmarking/outputs/probes/radiodino_expert_roi_phase2_minus_phase0_logreg,Exploratory per-model Image-only AUROC winner,0.6329923273657289,0.532992327365729,0.7337659846547314,0.5194589782251858,0.42116123092837865,0.6368359956721232,0.6251918158567775,0.540537084398977,0.7098465473145781
ISPY2,131,46,85,0.3511450381679389,5000,20260922,pcr_within_dataset,BiomedCLIP,Image + clinical,Whole volume,Phase 1,biomedclip_whole_phase1_image_clinical_logreg,Benchmarking/outputs/probes/biomedclip_whole_phase1_image_clinical_logreg,Exploratory per-model Image + clinical AUROC winner; Exploratory overall Image + clinical AUROC winner; Exploratory overall Image + clinical AP winner,0.7861892583120205,0.7038299232736572,0.8608695652173913,0.6856850356703263,0.5815101829367605,0.7896882092321335,0.6341432225063939,0.5512787723785166,0.7161125319693095
ISPY2,131,46,85,0.3511450381679389,5000,20260922,pcr_within_dataset,Curia,Image + clinical,Expert ROI,Phase 2 - phase 0,curia_expert_roi_phase2_minus_phase0_image_clinical_logreg,Benchmarking/outputs/probes/curia_expert_roi_phase2_minus_phase0_image_clinical_logreg,Exploratory per-model Image + clinical AUROC winner,0.7066496163682865,0.6102173913043478,0.7987340153452684,0.5701502052913656,0.4667983732907711,0.7157349418068545,0.6319693094629156,0.5450031969309462,0.7166240409207161
ISPY2,131,46,85,0.3511450381679389,5000,20260922,pcr_within_dataset,MedSigLIP,Image + clinical,Whole volume,Phase 1,medsiglip_whole_phase1_image_clinical_logreg,Benchmarking/outputs/probes/medsiglip_whole_phase1_image_clinical_logreg,Exploratory per-model Image + clinical AUROC winner,0.7414322250639385,0.6549808184143222,0.8227621483375959,0.5699062409771634,0.4690381742611231,0.7000428154519706,0.6006393861892583,0.517752557544757,0.6843989769820972
ISPY2,131,46,85,0.3511450381679389,5000,20260922,pcr_within_dataset,Pillar-0 BreastMRI,Image + clinical,Expert ROI,Phase 0 + phase 1 + last phase,pillar0_breastmri_expert_roi_phase0_phase1_last_image_clinical_logreg,Benchmarking/outputs/probes/pillar0_breastmri_expert_roi_phase0_phase1_last_image_clinical_logreg,Exploratory per-model Image + clinical AUROC winner,0.6498721227621483,0.5455242966751919,0.7501278772378517,0.5760629877460961,0.4643324984302672,0.6989190466833978,0.5740409207161126,0.48616687979539647,0.6601023017902814
ISPY2,131,46,85,0.3511450381679389,5000,20260922,pcr_within_dataset,RadImageNet,Image + clinical,Whole volume,Phase 2 - phase 0,radimagenet_whole_phase2_minus_phase0_image_clinical_logreg,Benchmarking/outputs/probes/radimagenet_whole_phase2_minus_phase0_image_clinical_logreg,Exploratory per-model Image + clinical AUROC winner; Exploratory overall Image + clinical balanced accuracy winner,0.706393861892583,0.6102237851662403,0.7982161125319692,0.5808418310595186,0.47701414241201684,0.7225989633199335,0.6595907928388747,0.5758312020460359,0.740153452685422
ISPY2,131,46,85,0.3511450381679389,5000,20260922,pcr_within_dataset,RadioDINO,Image + clinical,Expert ROI,Phase 2 - phase 0,radiodino_expert_roi_phase2_minus_phase0_image_clinical_logreg,Benchmarking/outputs/probes/radiodino_expert_roi_phase2_minus_phase0_image_clinical_logreg,Exploratory per-model Image + clinical AUROC winner,0.7143222506393863,0.6125191815856778,0.8089514066496164,0.6002131865713054,0.4884803059475217,0.7416366291293242,0.6749360613810742,0.5861892583120205,0.758695652173913
NACT,17,3,14,0.17647058823529413,5000,20260922,pcr_within_dataset,Clinical baseline,Clinical-only,,Clinical variables,clinical_logreg,Benchmarking/outputs/probes/clinical_logreg,Clinical-only reference,0.6428571428571428,0.26190476190476186,1.0,0.5054945054945055,0.19043650793650796,1.0,0.6666666666666666,0.5,1.0
NACT,17,3,14,0.17647058823529413,5000,20260922,pcr_within_dataset,BiomedCLIP,Image-only,Whole volume,Phase 1,biomedclip_whole_phase1_logreg,Benchmarking/outputs/probes/biomedclip_whole_phase1_logreg,Exploratory per-model Image-only AUROC winner,0.5238095238095238,0.21428571428571425,0.8571428571428571,0.23333333333333334,0.1707162397787398,0.5353535353535354,0.47619047619047616,0.16666666666666666,0.7142857142857143
NACT,17,3,14,0.17647058823529413,5000,20260922,pcr_within_dataset,Curia,Image-only,Expert ROI,Phase 2 - phase 0,curia_expert_roi_phase2_minus_phase0_logreg,Benchmarking/outputs/probes/curia_expert_roi_phase2_minus_phase0_logreg,Exploratory per-model Image-only AUROC winner; Exploratory overall Image-only AUROC winner,0.5476190476190477,0.2142857142857143,0.8571428571428571,0.2492063492063492,0.17500000000000002,0.6,0.5238095238095238,0.2857142857142857,0.8214285714285714
NACT,17,3,14,0.17647058823529413,5000,20260922,pcr_within_dataset,Curia,Image-only,Expert ROI,Selected ROI fusion,curia_expert_roi_selected_fusion_logreg,Benchmarking/outputs/probes/curia_expert_roi_selected_fusion_logreg,Exploratory overall Image-only AP winner,0.4285714285714286,0.1428571428571429,0.7142857142857143,0.19761904761904764,0.15643939393939393,0.42857142857142855,0.39285714285714285,0.2857142857142857,0.5
NACT,17,3,14,0.17647058823529413,5000,20260922,pcr_within_dataset,MedSigLIP,Image-only,Expert ROI,Phase 2 - phase 0,medsiglip_expert_roi_phase2_minus_phase0_logreg,Benchmarking/outputs/probes/medsiglip_expert_roi_phase2_minus_phase0_logreg,Exploratory per-model Image-only AUROC winner,0.09523809523809526,0.0,0.2857142857142857,0.13208360267183797,0.1227124183006536,0.20454545454545456,0.39285714285714285,0.2857142857142857,0.5
NACT,17,3,14,0.17647058823529413,5000,20260922,pcr_within_dataset,Pillar-0 BreastMRI,Image-only,Expert ROI,Phase 0 + phase 2 + last phase,pillar0_breastmri_expert_roi_phase0_phase2_last_logreg,Benchmarking/outputs/probes/pillar0_breastmri_expert_roi_phase0_phase2_last_logreg,Exploratory per-model Image-only AUROC winner,0.45238095238095233,0.0,0.8571428571428571,0.22549019607843135,0.15468409586056647,0.6,0.45238095238095233,0.21428571428571427,0.7619047619047619
NACT,17,3,14,0.17647058823529413,5000,20260922,pcr_within_dataset,RadImageNet,Image-only,Whole volume,Phase 2 - phase 0,radimagenet_whole_phase2_minus_phase0_logreg,Benchmarking/outputs/probes/radimagenet_whole_phase2_minus_phase0_logreg,Exploratory per-model Image-only AUROC winner; Exploratory overall Image-only balanced accuracy winner,0.6190476190476191,0.2142857142857143,0.9523809523809523,0.3492063492063492,0.1888888888888889,0.8666666666666667,0.5119047619047619,0.21428571428571427,0.7857142857142857
NACT,17,3,14,0.17647058823529413,5000,20260922,pcr_within_dataset,RadioDINO,Image-only,Expert ROI,Phase 2 - phase 0,radiodino_expert_roi_phase2_minus_phase0_logreg,Benchmarking/outputs/probes/radiodino_expert_roi_phase2_minus_phase0_logreg,Exploratory per-model Image-only AUROC winner,0.047619047619047596,0.0,0.14404761904760177,0.12707749766573295,0.1227124183006536,0.1875,0.2857142857142857,0.14285714285714285,0.39285714285714285
NACT,17,3,14,0.17647058823529413,5000,20260922,pcr_within_dataset,BiomedCLIP,Image + clinical,Whole volume,Phase 1,biomedclip_whole_phase1_image_clinical_logreg,Benchmarking/outputs/probes/biomedclip_whole_phase1_image_clinical_logreg,Exploratory per-model Image + clinical AUROC winner; Exploratory overall Image + clinical AUROC winner; Exploratory overall Image + clinical AP winner,0.5238095238095238,0.2142857142857143,0.7857142857142857,0.22424242424242424,0.17063492063492064,0.5277777777777778,0.5238095238095238,0.2857142857142857,0.8214285714285714
NACT,17,3,14,0.17647058823529413,5000,20260922,pcr_within_dataset,Curia,Image + clinical,Expert ROI,Phase 2 - phase 0,curia_expert_roi_phase2_minus_phase0_image_clinical_logreg,Benchmarking/outputs/probes/curia_expert_roi_phase2_minus_phase0_image_clinical_logreg,Exploratory per-model Image + clinical AUROC winner,0.5714285714285714,0.26190476190476186,0.8571428571428571,0.2685185185185185,0.17777777777777778,0.75,0.5595238095238095,0.32142857142857145,0.8571428571428572
NACT,17,3,14,0.17647058823529413,5000,20260922,pcr_within_dataset,MedSigLIP,Image + clinical,Whole volume,Phase 1,medsiglip_whole_phase1_image_clinical_logreg,Benchmarking/outputs/probes/medsiglip_whole_phase1_image_clinical_logreg,Exploratory per-model Image + clinical AUROC winner,0.3571428571428571,0.0714285714285714,0.6904761904761905,0.17866161616161616,0.14795008912655974,0.4242424242424242,0.4642857142857143,0.39285714285714285,0.5
NACT,17,3,14,0.17647058823529413,5000,20260922,pcr_within_dataset,Pillar-0 BreastMRI,Image + clinical,Expert ROI,Phase 0 + phase 1 + last phase,pillar0_breastmri_expert_roi_phase0_phase1_last_image_clinical_logreg,Benchmarking/outputs/probes/pillar0_breastmri_expert_roi_phase0_phase1_last_image_clinical_logreg,Exploratory per-model Image + clinical AUROC winner,0.45238095238095233,0.1666666666666667,0.738095238095238,0.19914529914529916,0.1593137254901961,0.42857142857142855,0.35714285714285715,0.24910714285714317,0.4642857142857143
NACT,17,3,14,0.17647058823529413,5000,20260922,pcr_within_dataset,RadImageNet,Image + clinical,Whole volume,Phase 2 - phase 0,radimagenet_whole_phase2_minus_phase0_image_clinical_logreg,Benchmarking/outputs/probes/radimagenet_whole_phase2_minus_phase0_image_clinical_logreg,Exploratory per-model Image + clinical AUROC winner; Exploratory overall Image + clinical balanced accuracy winner,0.7857142857142857,0.5476190476190477,0.9761904761904762,0.3873015873015873,0.2611111111111111,0.9166666666666666,0.7857142857142857,0.6428571428571428,0.9285714285714286
NACT,17,3,14,0.17647058823529413,5000,20260922,pcr_within_dataset,RadioDINO,Image + clinical,Expert ROI,Phase 2 - phase 0,radiodino_expert_roi_phase2_minus_phase0_image_clinical_logreg,Benchmarking/outputs/probes/radiodino_expert_roi_phase2_minus_phase0_image_clinical_logreg,Exploratory per-model Image + clinical AUROC winner,0.38095238095238093,0.04761904761904763,0.7857142857142857,0.2013888888888889,0.14542483660130723,0.5444444444444444,0.39285714285714285,0.2857142857142857,0.5
