dataset,n_test,n_pcr,n_non_pcr,pcr_prevalence,n_bootstrap,seed,stratification,model,benchmark_group,crop,input,run_name,baseline_run_name,delta_roc_auc,delta_roc_auc_ci_low,delta_roc_auc_ci_high,bootstrap_probability_delta_gt_zero_roc_auc,delta_average_precision,delta_average_precision_ci_low,delta_average_precision_ci_high,bootstrap_probability_delta_gt_zero_average_precision,delta_balanced_accuracy,delta_balanced_accuracy_ci_low,delta_balanced_accuracy_ci_high,bootstrap_probability_delta_gt_zero_balanced_accuracy
DUKE,91,30,61,0.32967032967032966,5000,20260922,pcr_within_dataset,BiomedCLIP,Image-only,Whole volume,Phase 1,biomedclip_whole_phase1_logreg,clinical_logreg,-0.2928961748633881,-0.4453688524590164,-0.14259562841530105,0.0,-0.2914328945054548,-0.44075593470884417,-0.11509831346517538,0.0006,-0.0540983606557377,-0.17841530054644805,0.06202185792349724,0.1834
DUKE,91,30,61,0.32967032967032966,5000,20260922,pcr_within_dataset,Curia,Image-only,Expert ROI,Phase 2 - phase 0,curia_expert_roi_phase2_minus_phase0_logreg,clinical_logreg,-0.16448087431693992,-0.30710382513661205,-0.0180327868852459,0.013,-0.18068216541968507,-0.33308671941746426,-0.009335275882592009,0.0184,-0.04016393442622945,-0.14836065573770496,0.06830601092896171,0.2604
DUKE,91,30,61,0.32967032967032966,5000,20260922,pcr_within_dataset,Curia,Image-only,Expert ROI,Selected ROI fusion,curia_expert_roi_selected_fusion_logreg,clinical_logreg,-0.15355191256830603,-0.2896174863387978,-0.011475409836065542,0.0142,-0.20558996105063404,-0.3437975905537351,-0.038979413430309244,0.0078,-0.06584699453551912,-0.14891393442622955,0.016939890710382488,0.0648
DUKE,91,30,61,0.32967032967032966,5000,20260922,pcr_within_dataset,MedSigLIP,Image-only,Expert ROI,Phase 2 - phase 0,medsiglip_expert_roi_phase2_minus_phase0_logreg,clinical_logreg,-0.09781420765027327,-0.23498633879781414,0.04154371584699434,0.0854,-0.18821192683971966,-0.3427315036215403,0.027379301959557026,0.0418,-0.06612021857923489,-0.1743169398907104,0.042076502732240395,0.13
DUKE,91,30,61,0.32967032967032966,5000,20260922,pcr_within_dataset,Pillar-0 BreastMRI,Image-only,Expert ROI,Phase 0 + phase 2 + last phase,pillar0_breastmri_expert_roi_phase0_phase2_last_logreg,clinical_logreg,-0.18360655737704923,-0.3355191256830601,-0.021844262295082083,0.012,-0.24220109556668318,-0.40143350053598303,-0.021992488595962496,0.0148,-0.030327868852458972,-0.16311475409836063,0.10245901639344257,0.3386
DUKE,91,30,61,0.32967032967032966,5000,20260922,pcr_within_dataset,RadImageNet,Image-only,Whole volume,Phase 2 - phase 0,radimagenet_whole_phase2_minus_phase0_logreg,clinical_logreg,-0.16775956284153004,-0.30054644808743175,-0.027322404371584726,0.0094,-0.2385287678581101,-0.39017168000661495,-0.047579877371794144,0.007,-0.006830601092896127,-0.1407103825136612,0.1262295081967213,0.479
DUKE,91,30,61,0.32967032967032966,5000,20260922,pcr_within_dataset,RadioDINO,Image-only,Expert ROI,Phase 2 - phase 0,radiodino_expert_roi_phase2_minus_phase0_logreg,clinical_logreg,-0.20054644808743172,-0.33881147540983614,-0.05519125683060111,0.0038,-0.30093192002849745,-0.43300494008828455,-0.11782259347297824,0.001,-0.06338797814207653,-0.19536202185792342,0.06120901639344261,0.1764
DUKE,91,30,61,0.32967032967032966,5000,20260922,pcr_within_dataset,BiomedCLIP,Image + clinical,Whole volume,Phase 1,biomedclip_whole_phase1_image_clinical_logreg,clinical_logreg,-0.0841530054644809,-0.1705054644808743,0.0005601092896174592,0.026,-0.12582794677833697,-0.23971638727678585,-0.0019927746646480364,0.0238,-0.007923497267759538,-0.09098360655737703,0.0672131147540983,0.4488
DUKE,91,30,61,0.32967032967032966,5000,20260922,pcr_within_dataset,Curia,Image + clinical,Expert ROI,Phase 2 - phase 0,curia_expert_roi_phase2_minus_phase0_image_clinical_logreg,clinical_logreg,-0.05245901639344264,-0.1573770491803279,0.04974043715846976,0.1538,-0.04164132947407462,-0.17225843841062483,0.09515458985388352,0.2896,0.10109289617486339,0.009562841530054711,0.20054644808743172,0.986
DUKE,91,30,61,0.32967032967032966,5000,20260922,pcr_within_dataset,MedSigLIP,Image + clinical,Whole volume,Phase 1,medsiglip_whole_phase1_image_clinical_logreg,clinical_logreg,-0.049180327868852514,-0.14699453551912567,0.04699453551912558,0.1566,-0.08297834922303227,-0.19931628062211262,0.04517656511085568,0.105,-0.04999999999999993,-0.12486338797814212,0.016673497267759515,0.0714
DUKE,91,30,61,0.32967032967032966,5000,20260922,pcr_within_dataset,Pillar-0 BreastMRI,Image + clinical,Expert ROI,Phase 0 + phase 1 + last phase,pillar0_breastmri_expert_roi_phase0_phase1_last_image_clinical_logreg,clinical_logreg,-0.10819672131147551,-0.2415437158469946,0.02786885245901649,0.0626,-0.15962787284497315,-0.31659820749568507,0.0546834286698049,0.0794,0.06885245901639347,-0.05546448087431699,0.19316939890710383,0.8726
DUKE,91,30,61,0.32967032967032966,5000,20260922,pcr_within_dataset,RadImageNet,Image + clinical,Whole volume,Phase 2 - phase 0,radimagenet_whole_phase2_minus_phase0_image_clinical_logreg,clinical_logreg,-0.0349726775956285,-0.13879781420765036,0.06995901639344247,0.257,-0.008012236694255437,-0.14688744614337124,0.1330156682892483,0.466,0.12650273224043718,0.018025956284153006,0.23469945355191257,0.9878
DUKE,91,30,61,0.32967032967032966,5000,20260922,pcr_within_dataset,RadioDINO,Image + clinical,Expert ROI,Phase 2 - phase 0,radiodino_expert_roi_phase2_minus_phase0_image_clinical_logreg,clinical_logreg,-0.03333333333333344,-0.11092896174863387,0.04808743169398899,0.2144,-0.1093742591717809,-0.224786736786645,0.06349714749088149,0.1152,0.051092896174863345,-0.031967213114754034,0.14234972677595625,0.8876
ISPY1,67,14,53,0.208955223880597,5000,20260922,pcr_within_dataset,BiomedCLIP,Image-only,Whole volume,Phase 1,biomedclip_whole_phase1_logreg,clinical_logreg,-0.1428571428571428,-0.32887466307277635,0.05660377358490565,0.0718,-0.18333516291304053,-0.438278152353162,0.04021273859869407,0.0516,-0.1192722371967655,-0.3335579514824798,0.08760107816711593,0.1332
ISPY1,67,14,53,0.208955223880597,5000,20260922,pcr_within_dataset,Curia,Image-only,Expert ROI,Phase 2 - phase 0,curia_expert_roi_phase2_minus_phase0_logreg,clinical_logreg,-0.18328840970350402,-0.4110512129380054,0.05660377358490565,0.0646,-0.1841543427427179,-0.4545954530473127,0.07875535708009605,0.082,-0.18261455525606463,-0.37264150943396224,0.009467654986522526,0.032
ISPY1,67,14,53,0.208955223880597,5000,20260922,pcr_within_dataset,Curia,Image-only,Expert ROI,Selected ROI fusion,curia_expert_roi_selected_fusion_logreg,clinical_logreg,-0.28301886792452824,-0.5080862533692723,-0.04174528301886831,0.0096,-0.21051187224612294,-0.48023677779415996,0.04863819266630946,0.0576,-0.22169811320754718,-0.3571428571428571,-0.07884097035040427,0.001
ISPY1,67,14,53,0.208955223880597,5000,20260922,pcr_within_dataset,MedSigLIP,Image-only,Expert ROI,Phase 2 - phase 0,medsiglip_expert_roi_phase2_minus_phase0_logreg,clinical_logreg,-0.23045822102425872,-0.4407008086253368,-0.016172506738544423,0.017,-0.1944682666477051,-0.46176973749353833,0.05746270014490204,0.0614,-0.17520215633423186,-0.3578167115902965,0.005390835579514919,0.0314
ISPY1,67,14,53,0.208955223880597,5000,20260922,pcr_within_dataset,Pillar-0 BreastMRI,Image-only,Expert ROI,Phase 0 + phase 2 + last phase,pillar0_breastmri_expert_roi_phase0_phase2_last_logreg,clinical_logreg,-0.2264150943396226,-0.43669137466307284,-0.0026617250673858744,0.0234,-0.16211943868176215,-0.4478419484241531,0.11794413799689321,0.1252,-0.17722371967654993,-0.3726920485175203,0.020215633423180668,0.0458
ISPY1,67,14,53,0.208955223880597,5000,20260922,pcr_within_dataset,RadImageNet,Image-only,Whole volume,Phase 2 - phase 0,radimagenet_whole_phase2_minus_phase0_logreg,clinical_logreg,-0.10512129380053903,-0.30323450134770885,0.08760107816711582,0.1474,-0.14498510224116212,-0.38641651053909853,0.09836255813099205,0.1142,-0.08490566037735847,-0.23921832884097038,0.06738544474393537,0.138
ISPY1,67,14,53,0.208955223880597,5000,20260922,pcr_within_dataset,RadioDINO,Image-only,Expert ROI,Phase 2 - phase 0,radiodino_expert_roi_phase2_minus_phase0_logreg,clinical_logreg,-0.28975741239892183,-0.5107816711590296,-0.0660377358490567,0.0066,-0.20173067658064053,-0.4726071648290479,0.05510353936498695,0.0574,-0.24326145552560652,-0.46698113207547176,-0.019541778975741275,0.0158
ISPY1,67,14,53,0.208955223880597,5000,20260922,pcr_within_dataset,BiomedCLIP,Image + clinical,Whole volume,Phase 1,biomedclip_whole_phase1_image_clinical_logreg,clinical_logreg,0.022911051212938127,-0.07008086253369272,0.12668463611859848,0.6648,-0.04556667220662208,-0.23224854610023668,0.1291888019586689,0.3158,-0.12601078167115898,-0.25202156334231796,-0.026280323450134757,0.0026
ISPY1,67,14,53,0.208955223880597,5000,20260922,pcr_within_dataset,Curia,Image + clinical,Expert ROI,Phase 2 - phase 0,curia_expert_roi_phase2_minus_phase0_image_clinical_logreg,clinical_logreg,-0.0013477088948785632,-0.13477088948787053,0.13746630727762799,0.485,0.06650408748235326,-0.17333588440031492,0.25133489304372064,0.6558,-0.09029649595687328,-0.261455525606469,0.09029649595687328,0.1468
ISPY1,67,14,53,0.208955223880597,5000,20260922,pcr_within_dataset,MedSigLIP,Image + clinical,Whole volume,Phase 1,medsiglip_whole_phase1_image_clinical_logreg,clinical_logreg,-0.06873315363881394,-0.2075471698113207,0.08493935309972994,0.17,-0.10113990993488498,-0.33594127563260623,0.13921539544801229,0.1886,-0.09973045822102422,-0.27088948787061995,0.07884097035040438,0.137
ISPY1,67,14,53,0.208955223880597,5000,20260922,pcr_within_dataset,Pillar-0 BreastMRI,Image + clinical,Expert ROI,Phase 0 + phase 1 + last phase,pillar0_breastmri_expert_roi_phase0_phase1_last_image_clinical_logreg,clinical_logreg,-0.1549865229110512,-0.31809299191374674,0.016172506738544427,0.039,-0.10537890138114281,-0.3512828699214485,0.1466041068630297,0.2014,-0.17722371967654993,-0.3201314016172508,-0.03975741239892194,0.0054
ISPY1,67,14,53,0.208955223880597,5000,20260922,pcr_within_dataset,RadImageNet,Image + clinical,Whole volume,Phase 2 - phase 0,radimagenet_whole_phase2_minus_phase0_image_clinical_logreg,clinical_logreg,-0.00943396226415083,-0.13611859838274942,0.12264150943396224,0.4396,-0.033852714231991654,-0.2505617607732013,0.1274004975457477,0.3222,-0.058625336927223715,-0.18665768194070087,0.0768194070080862,0.186
ISPY1,67,14,53,0.208955223880597,5000,20260922,pcr_within_dataset,RadioDINO,Image + clinical,Expert ROI,Phase 2 - phase 0,radiodino_expert_roi_phase2_minus_phase0_image_clinical_logreg,clinical_logreg,-0.061994609164420345,-0.17520215633423186,0.05795148247978432,0.1498,-0.0963883944466074,-0.3061456944106332,0.09975152100462163,0.1662,-0.1132075471698114,-0.22978436657681944,-0.0040431266846361336,0.0226
ISPY2,131,46,85,0.3511450381679389,5000,20260922,pcr_within_dataset,BiomedCLIP,Image-only,Whole volume,Phase 1,biomedclip_whole_phase1_logreg,clinical_logreg,0.02595907928388763,-0.107928388746803,0.16572890025575449,0.6444,0.0625513626577674,-0.10781641802049355,0.23265663112008864,0.75,-0.045524296675191644,-0.15102301790281336,0.060869565217391286,0.2016
ISPY2,131,46,85,0.3511450381679389,5000,20260922,pcr_within_dataset,Curia,Image-only,Expert ROI,Phase 2 - phase 0,curia_expert_roi_phase2_minus_phase0_logreg,clinical_logreg,-0.03644501278772372,-0.1693158567774937,0.100898337595908,0.3098,0.008290175023205726,-0.1560239941334245,0.16816511994589967,0.5446,-0.0235294117647058,-0.1402941176470588,0.1005115089514067,0.355
ISPY2,131,46,85,0.3511450381679389,5000,20260922,pcr_within_dataset,Curia,Image-only,Expert ROI,Selected ROI fusion,curia_expert_roi_selected_fusion_logreg,clinical_logreg,-0.04948849104859332,-0.18056905370843998,0.08390025575447545,0.2326,0.05316005968364612,-0.12184817405704046,0.19167552097086646,0.6948,-0.0557544757033247,-0.16125319693094625,0.052429667519181544,0.1548
ISPY2,131,46,85,0.3511450381679389,5000,20260922,pcr_within_dataset,MedSigLIP,Image-only,Expert ROI,Phase 2 - phase 0,medsiglip_expert_roi_phase2_minus_phase0_logreg,clinical_logreg,-0.002429667519181611,-0.1289066496163683,0.1296739130434782,0.474,0.07344885214235675,-0.102927306326484,0.22104895718525205,0.783,-0.008184143222506268,-0.11956521739130432,0.1058951406649614,0.4396
ISPY2,131,46,85,0.3511450381679389,5000,20260922,pcr_within_dataset,Pillar-0 BreastMRI,Image-only,Expert ROI,Phase 0 + phase 2 + last phase,pillar0_breastmri_expert_roi_phase0_phase2_last_logreg,clinical_logreg,-0.08452685421994877,-0.21228260869565205,0.048337595907928306,0.1012,-0.018049919301331263,-0.17785591841551585,0.12763912794545862,0.3866,-0.053836317135549816,-0.1661253196930947,0.05985613810741679,0.1836
ISPY2,131,46,85,0.3511450381679389,5000,20260922,pcr_within_dataset,RadImageNet,Image-only,Whole volume,Phase 2 - phase 0,radimagenet_whole_phase2_minus_phase0_logreg,clinical_logreg,-0.057416879795396336,-0.18695652173913047,0.07877877237851649,0.1968,-0.009748343943542404,-0.16536760680091356,0.13061305633549725,0.4158,-0.037084398976982014,-0.15703324808184138,0.08695652173913038,0.2686
ISPY2,131,46,85,0.3511450381679389,5000,20260922,pcr_within_dataset,RadioDINO,Image-only,Expert ROI,Phase 2 - phase 0,radiodino_expert_roi_phase2_minus_phase0_logreg,clinical_logreg,-0.05409207161125318,-0.18146419437340153,0.07672634271099743,0.2046,0.02154280337941339,-0.14242783256919095,0.1579846977350377,0.5548,-0.011253196930946174,-0.13031969309462926,0.10690537084398977,0.4256
ISPY2,131,46,85,0.3511450381679389,5000,20260922,pcr_within_dataset,BiomedCLIP,Image + clinical,Whole volume,Phase 1,biomedclip_whole_phase1_image_clinical_logreg,clinical_logreg,0.09910485933503843,0.02608056265984662,0.17698209718670077,0.996,0.1877688608245539,0.07336514193497808,0.26663276942255904,0.999,-0.0023017902813298186,-0.09514066496163687,0.0905370843989769,0.4738
ISPY2,131,46,85,0.3511450381679389,5000,20260922,pcr_within_dataset,Curia,Image + clinical,Expert ROI,Phase 2 - phase 0,curia_expert_roi_phase2_minus_phase0_image_clinical_logreg,clinical_logreg,0.019565217391304457,-0.09079603580562655,0.13120204603580554,0.643,0.07223403044559318,-0.07539918385590305,0.21641921036508718,0.833,-0.004475703324808067,-0.11176470588235288,0.10692774936061349,0.4824
ISPY2,131,46,85,0.3511450381679389,5000,20260922,pcr_within_dataset,MedSigLIP,Image + clinical,Whole volume,Phase 1,medsiglip_whole_phase1_image_clinical_logreg,clinical_logreg,0.05434782608695643,-0.02699168797953962,0.14245843989769819,0.9006,0.07199006613139092,-0.056405577436505296,0.18121460746251175,0.8552,-0.03580562659846542,-0.11457800511508953,0.045664961636828524,0.1992
ISPY2,131,46,85,0.3511450381679389,5000,20260922,pcr_within_dataset,Pillar-0 BreastMRI,Image + clinical,Expert ROI,Phase 0 + phase 1 + last phase,pillar0_breastmri_expert_roi_phase0_phase1_last_image_clinical_logreg,clinical_logreg,-0.037212276214833695,-0.15038363171355495,0.07851662404092064,0.2636,0.07814681290032366,-0.08381580770467627,0.2030363354970371,0.8164,-0.06240409207161113,-0.16561381074168785,0.04398976982097191,0.1226
ISPY2,131,46,85,0.3511450381679389,5000,20260922,pcr_within_dataset,RadImageNet,Image + clinical,Whole volume,Phase 2 - phase 0,radimagenet_whole_phase2_minus_phase0_image_clinical_logreg,clinical_logreg,0.019309462915600983,-0.0849104859335037,0.1240409207161125,0.6474,0.08292565621374615,-0.04173725267428545,0.20667023002797583,0.9048,0.023145780051150977,-0.07148337595907928,0.12186700767263425,0.6822
ISPY2,131,46,85,0.3511450381679389,5000,20260922,pcr_within_dataset,RadioDINO,Image + clinical,Expert ROI,Phase 2 - phase 0,radiodino_expert_roi_phase2_minus_phase0_image_clinical_logreg,clinical_logreg,0.027237851662404222,-0.06036125319693107,0.12071611253196923,0.7274,0.10229701172553296,-0.021624708137572148,0.21752293718433519,0.9464,0.03849104859335051,-0.05025575447570341,0.1258312020460357,0.7984
NACT,17,3,14,0.17647058823529413,5000,20260922,pcr_within_dataset,BiomedCLIP,Image-only,Whole volume,Phase 1,biomedclip_whole_phase1_logreg,clinical_logreg,-0.11904761904761896,-0.4999999999999999,0.33333333333333337,0.2716,-0.27216117216117214,-0.5444444444444445,0.14584911616161592,0.1522,-0.19047619047619047,-0.4285714285714286,0.11904761904761907,0.1166
NACT,17,3,14,0.17647058823529413,5000,20260922,pcr_within_dataset,Curia,Image-only,Expert ROI,Phase 2 - phase 0,curia_expert_roi_phase2_minus_phase0_logreg,clinical_logreg,-0.09523809523809512,-0.5238095238095237,0.4285714285714285,0.3224,-0.25628815628815627,-0.5714285714285714,0.22857142857142854,0.1792,-0.1428571428571428,-0.25,-0.0357142857142857,0.0
NACT,17,3,14,0.17647058823529413,5000,20260922,pcr_within_dataset,Curia,Image-only,Expert ROI,Selected ROI fusion,curia_expert_roi_selected_fusion_logreg,clinical_logreg,-0.2142857142857142,-0.6428571428571428,0.3095238095238095,0.1888,-0.30787545787545784,-0.6525297619047618,0.11904761904761904,0.1164,-0.2738095238095238,-0.5714285714285714,-0.0357142857142857,0.0
NACT,17,3,14,0.17647058823529413,5000,20260922,pcr_within_dataset,MedSigLIP,Image-only,Expert ROI,Phase 2 - phase 0,medsiglip_expert_roi_phase2_minus_phase0_logreg,clinical_logreg,-0.5476190476190476,-0.8571428571428572,-0.11904761904761907,0.0056,-0.37341090282266753,-0.7857142857142857,-0.022644724556489474,0.006,-0.2738095238095238,-0.5714285714285714,-0.0357142857142857,0.0
NACT,17,3,14,0.17647058823529413,5000,20260922,pcr_within_dataset,Pillar-0 BreastMRI,Image-only,Expert ROI,Phase 0 + phase 2 + last phase,pillar0_breastmri_expert_roi_phase0_phase2_last_logreg,clinical_logreg,-0.19047619047619047,-1.0,0.4999999999999999,0.2996,-0.2800043094160741,-0.8235294117647058,0.32739267676767503,0.2576,-0.2142857142857143,-0.6785714285714286,0.2502976190476147,0.193
NACT,17,3,14,0.17647058823529413,5000,20260922,pcr_within_dataset,RadImageNet,Image-only,Whole volume,Phase 2 - phase 0,radimagenet_whole_phase2_minus_phase0_logreg,clinical_logreg,-0.023809523809523725,-0.4285714285714286,0.4285714285714285,0.4122,-0.1562881562881563,-0.4,0.25714285714285723,0.2948,-0.15476190476190477,-0.3928571428571429,0.1785714285714286,0.1746
NACT,17,3,14,0.17647058823529413,5000,20260922,pcr_within_dataset,RadioDINO,Image-only,Expert ROI,Phase 2 - phase 0,radiodino_expert_roi_phase2_minus_phase0_logreg,clinical_logreg,-0.5952380952380952,-0.9285714285714286,-0.21428571428571433,0.0,-0.3784170078287725,-0.8,-0.037815126050420145,0.0,-0.38095238095238093,-0.6785714285714286,-0.14285714285714285,0.0
NACT,17,3,14,0.17647058823529413,5000,20260922,pcr_within_dataset,BiomedCLIP,Image + clinical,Whole volume,Phase 1,biomedclip_whole_phase1_image_clinical_logreg,clinical_logreg,-0.11904761904761896,-0.3809523809523809,0.1428571428571429,0.1702,-0.28125208125208123,-0.5351851851851851,0.05555555555555555,0.1198,-0.1428571428571428,-0.25,-0.0357142857142857,0.0
NACT,17,3,14,0.17647058823529413,5000,20260922,pcr_within_dataset,Curia,Image + clinical,Expert ROI,Phase 2 - phase 0,curia_expert_roi_phase2_minus_phase0_image_clinical_logreg,clinical_logreg,-0.0714285714285714,-0.3571428571428572,0.26190476190476186,0.296,-0.23697598697598699,-0.46595238095238095,0.08888888888888885,0.1536,-0.1071428571428571,-0.2142857142857143,0.0,0.0
NACT,17,3,14,0.17647058823529413,5000,20260922,pcr_within_dataset,MedSigLIP,Image + clinical,Whole volume,Phase 1,medsiglip_whole_phase1_image_clinical_logreg,clinical_logreg,-0.2857142857142857,-0.47619047619047616,-0.11904761904761907,0.0,-0.32683288933288934,-0.573015873015873,-0.02618506493506503,0.0,-0.20238095238095233,-0.5,0.0,0.0
NACT,17,3,14,0.17647058823529413,5000,20260922,pcr_within_dataset,Pillar-0 BreastMRI,Image + clinical,Expert ROI,Phase 0 + phase 1 + last phase,pillar0_breastmri_expert_roi_phase0_phase1_last_image_clinical_logreg,clinical_logreg,-0.19047619047619047,-0.6434523809523808,0.26190476190476186,0.2134,-0.3063492063492063,-0.75,0.11666666666666667,0.1846,-0.3095238095238095,-0.6071428571428572,-0.07142857142857145,0.0
NACT,17,3,14,0.17647058823529413,5000,20260922,pcr_within_dataset,RadImageNet,Image + clinical,Whole volume,Phase 2 - phase 0,radimagenet_whole_phase2_minus_phase0_image_clinical_logreg,clinical_logreg,0.1428571428571429,-0.16666666666666663,0.5,0.7612,-0.11819291819291816,-0.4194444444444444,0.4017094017094017,0.395,0.11904761904761907,-0.19047619047619047,0.3928571428571428,0.7762
NACT,17,3,14,0.17647058823529413,5000,20260922,pcr_within_dataset,RadioDINO,Image + clinical,Expert ROI,Phase 2 - phase 0,radiodino_expert_roi_phase2_minus_phase0_image_clinical_logreg,clinical_logreg,-0.26190476190476186,-0.47619047619047616,-0.09523809523809523,0.0004,-0.3041056166056166,-0.5333333333333333,-0.02499863834422662,0.0,-0.2738095238095238,-0.5714285714285714,-0.0357142857142857,0.0
